feature,importance_mean,importance_se
tqwt_skewnessValue_dec_26,0.8155622485418963,0.03345416168817127
tqwt_skewnessValue_dec_21,0.7928218056946177,0.18256033963197577
tqwt_skewnessValue_dec_27,0.6734007763072046,0.05335526827075349
tqwt_skewnessValue_dec_30,0.6635295605708146,0.03279284876870519
tqwt_skewnessValue_dec_25,0.5805926767371129,0.03646898019183142
tqwt_medianValue_dec_29,0.5773079033445734,0.08234079531760338
tqwt_medianValue_dec_22,0.5675792798535065,0.03314344958736403
tqwt_medianValue_dec_23,0.5266728112079985,0.03437163854016864
tqwt_medianValue_dec_14,0.48295385570440164,0.12133203242300503
tqwt_skewnessValue_dec_12,0.4785211430542332,0.04151758530142268
tqwt_kurtosisValue_dec_27,0.45758537693489443,0.02825644067361232
tqwt_kurtosisValue_dec_26,0.4511878199817675,0.018087382816348606
mean_9th_delta_delta,0.44239884041373995,0.010388855184436203
tqwt_skewnessValue_dec_24,0.4236211494477667,0.029962868679535716
tqwt_meanValue_dec_13,0.4055712024424036,0.03521633569716485
b4,0.400836846872175,0.034020731075694005
tqwt_meanValue_dec_5,0.38379071235192375,0.02663826078383355
tqwt_medianValue_dec_31,0.37918864678485287,0.04342506821219077
mean_10th_delta_delta,0.3779899513226382,0.01225277385506878
tqwt_kurtosisValue_dec_12,0.3766301247423148,0.05013352364921817
tqwt_skewnessValue_dec_5,0.3763916864206487,0.057414056555872485
mean_8th_delta_delta,0.37311787247795225,0.03651163878127878
tqwt_meanValue_dec_25,0.3724558834554753,0.015594057656646253
b3,0.37124957155247823,0.09473208777671929
mean_3rd_delta_delta,0.36584749168841824,0.019377141301407746
tqwt_skewnessValue_dec_34,0.3580229756805635,0.02077667344687591
tqwt_meanValue_dec_27,0.35715248150774204,0.037561769994674185
tqwt_medianValue_dec_11,0.35675245238046116,0.05680660736876647
tqwt_medianValue_dec_12,0.3483218421976407,0.029100047733814634
tqwt_meanValue_dec_19,0.345553779065197,0.02189019767232533
mean_12th_delta_delta,0.3379485904647047,0.025816959707193204
tqwt_skewnessValue_dec_35,0.3324881100266289,0.023236156933671905
tqwt_skewnessValue_dec_36,0.32926405130015696,0.023067503954447958
tqwt_meanValue_dec_10,0.32674208008677513,0.03047368649044457
tqwt_medianValue_dec_15,0.32600491022028516,0.03518199890767068
tqwt_skewnessValue_dec_28,0.32098414491145266,0.0242726663194593
det_LT_entropy_shannon_4_coef,0.31453171097416455,0.04829565652953913
tqwt_medianValue_dec_34,0.3143778897094217,0.05611899526677999
tqwt_skewnessValue_dec_33,0.311859204373641,0.01425050213280164
IMF_SNR_SEO,0.311072503311935,0.03216938204927998
tqwt_kurtosisValue_dec_23,0.3084202249949274,0.056246545248604875
tqwt_medianValue_dec_6,0.30744106933561477,0.06256566158529113
tqwt_medianValue_dec_24,0.29753214045917176,0.07149860898704596
tqwt_skewnessValue_dec_15,0.29467581499333395,0.07448677647470171
tqwt_medianValue_dec_35,0.2933971439103317,0.05709321345708457
mean_5th_delta_delta,0.29333701153195546,0.03722348855899102
mean_7th_delta_delta,0.29271896864922703,0.011451976385078262
tqwt_medianValue_dec_7,0.292500110726471,0.006563445461899823
tqwt_meanValue_dec_3,0.29247687358327445,0.048818131280130767
tqwt_medianValue_dec_9,0.2840216064501538,0.07184749079701398
VFER_mean,0.2828588067462558,0.02330341332793595
tqwt_TKEO_mean_dec_11,0.28244327496701066,0.02403879031954006
tqwt_medianValue_dec_10,0.28191541479157445,0.05947750263421434
mean_4th_delta_delta,0.27619201793723136,0.029629741215262406
tqwt_meanValue_dec_31,0.27532422280671454,0.053004351209529496
tqwt_TKEO_std_dec_11,0.2609490141617991,0.022099300765499902
tqwt_skewnessValue_dec_14,0.26022206780705087,0.047657434113883915
tqwt_kurtosisValue_dec_25,0.25416544401685004,0.012365705042703274
tqwt_meanValue_dec_23,0.2515805475194063,0.07107474506055561
VFER_entropy,0.24971798227992012,0.029830310727036322
tqwt_meanValue_dec_8,0.24905543229469637,0.060983459699093565
tqwt_meanValue_dec_26,0.2464437592766348,0.040220285347119494
mean_7th_delta,0.23930371793747388,0.026186881176841148
tqwt_meanValue_dec_6,0.23615805489092487,0.03560267726624792
stdDevPeriodPulses,0.23493823772798317,0.024628645822353544
tqwt_medianValue_dec_28,0.23469102272749268,0.028043399387385797
tqwt_meanValue_dec_29,0.23227980374482451,0.023829197631940552
tqwt_medianValue_dec_30,0.2319225339836702,0.030873988685346306
tqwt_kurtosisValue_dec_34,0.23182754484143983,0.02502215337805001
tqwt_skewnessValue_dec_17,0.22944442864412432,0.1053830047278808
GNE_SNR_TKEO,0.22922139250598153,0.019480973329798652
mean_6th_delta,0.22575182507199903,0.02626401049701023
tqwt_medianValue_dec_16,0.22446020581674525,0.05612015508775918
tqwt_kurtosisValue_dec_8,0.21947426139471166,0.019745049221684796
tqwt_medianValue_dec_27,0.21926885161722046,0.034421834217272025
tqwt_medianValue_dec_21,0.21754529781914916,0.05627095520046575
tqwt_kurtosisValue_dec_24,0.21713595037235386,0.05008783270982673
mean_6th_delta_delta,0.21309362813172913,0.01492035602615389
tqwt_skewnessValue_dec_29,0.21141470855020392,0.017286156485238076
tqwt_meanValue_dec_1,0.21140722195659323,0.05554096568129911
tqwt_meanValue_dec_14,0.20988206946806662,0.028485275035817843
IMF_NSR_TKEO,0.20842442397650926,0.04201825137021242
tqwt_meanValue_dec_17,0.2064638650044884,0.04074621266088006
GNE_NSR_SEO,0.2059975072099894,0.03696396165519438
tqwt_skewnessValue_dec_20,0.20537453603924968,0.02050533574872876
tqwt_kurtosisValue_dec_28,0.20427621872327614,0.014387351872408232
tqwt_TKEO_mean_dec_31,0.20401733483191792,0.026091073005847024
mean_8th_delta,0.20265277866642717,0.017954140130990715
std_MFCC_4th_coef,0.20033663619615538,0.008976345574116895
IMF_SNR_entropy,0.19964650411625004,0.022773563160990638
mean_11th_delta_delta,0.19797510706858096,0.01908534184103028
apq11Shimmer,0.1968302600601109,0.01932141923630128
tqwt_energy_dec_11,0.19549449154504833,0.030361899737820264
tqwt_skewnessValue_dec_22,0.19512820792525926,0.017009551853684343
tqwt_skewnessValue_dec_23,0.19472748905070608,0.0871698031791618
GQ_prc5_95,0.19429514035509826,0.038430263021495235
tqwt_skewnessValue_dec_32,0.19249918699473942,0.017277686254567704
mean_delta_delta_log_energy,0.19066112132866525,0.015437751445755056
tqwt_medianValue_dec_1,0.18773896179165034,0.0543624539072807
tqwt_meanValue_dec_32,0.18573588847659656,0.04824574629263434
std_4th_delta_delta,0.18550909605840604,0.004450059216414978
tqwt_medianValue_dec_32,0.184937118852278,0.029042848117647124
tqwt_meanValue_dec_18,0.18460309307045294,0.05105068181156119
tqwt_kurtosisValue_dec_33,0.1843368009335256,0.011692772829674352
tqwt_meanValue_dec_7,0.18310789006568684,0.035908858834991904
mean_9th_delta,0.18134667322313391,0.029503888258297667
tqwt_skewnessValue_dec_6,0.1800706957178188,0.050834800548508786
std_4th_delta,0.1797801864652272,0.00946680105130668
tqwt_medianValue_dec_17,0.17925126396303276,0.0453200436978598
tqwt_skewnessValue_dec_19,0.17845001130622937,0.021391426306879027
std_11th_delta_delta,0.17711759149583348,0.006743794855623137
tqwt_kurtosisValue_dec_13,0.17194411019557077,0.021734297424224003
tqwt_meanValue_dec_34,0.17123409513017632,0.027782109824274013
tqwt_meanValue_dec_24,0.17082090802275868,0.04253055304480482
mean_delta_delta_0th,0.16728883991136656,0.007595709231430973
tqwt_kurtosisValue_dec_9,0.16490485402171814,0.01029335175372136
tqwt_entropy_shannon_dec_11,0.16416385387613913,0.016142516664781757
std_11th_delta,0.16187042258845813,0.007374319265096346
tqwt_meanValue_dec_30,0.16070458611839125,0.015936657311500433
mean_1st_delta_delta,0.1601662291292666,0.006647111399310647
tqwt_meanValue_dec_21,0.15737307738107767,0.024244631471737207
gender,0.1564029055882482,0.05226804868283564
std_6th_delta_delta,0.15501732485181843,0.01183697893881243
tqwt_meanValue_dec_11,0.15492390266017309,0.028380206831053162
tqwt_kurtosisValue_dec_35,0.15425094194144848,0.0272749625005757
locAbsJitter,0.15416293107131612,0.010065422447640898
tqwt_kurtosisValue_dec_7,0.15408834274031039,0.013139310022370933
tqwt_TKEO_std_dec_10,0.15120935852026257,0.005808688525190494
tqwt_energy_dec_13,0.15119514104312742,0.02566033008802546
mean_4th_delta,0.1494303524424792,0.023837504636252494
tqwt_TKEO_std_dec_31,0.1480752155855701,0.02797614935861808
tqwt_TKEO_mean_dec_35,0.14789077371720397,0.010278855285845543
tqwt_medianValue_dec_33,0.14664913510460384,0.05566816077928833
b2,0.14660276442113856,0.033561343776201714
tqwt_medianValue_dec_8,0.14473939732198945,0.045159666130634935
tqwt_kurtosisValue_dec_36,0.14455224767114738,0.027931446579854403
std_2nd_delta_delta,0.14365247925432162,0.013321534830855599
std_delta_delta_log_energy,0.14310357280798816,0.016524657576379755
tqwt_meanValue_dec_20,0.1430627958696771,0.042003901045551524
tqwt_meanValue_dec_12,0.14171776451200374,0.061696431453337204
tqwt_maxValue_dec_11,0.1398520784981286,0.013040316901155029
mean_MFCC_6th_coef,0.1395206129006358,0.0043963740792872675
mean_11th_delta,0.1392339246574301,0.01603693069532274
std_MFCC_9th_coef,0.13907098839492155,0.012349160586389974
std_5th_delta_delta,0.13857379587894322,0.007980328429113644
tqwt_entropy_shannon_dec_35,0.13841301156929653,0.007451164659002095
tqwt_TKEO_mean_dec_23,0.1380570013512959,0.026304479452181267
std_6th_delta,0.13622109946352695,0.012248020189994855
std_10th_delta_delta,0.13620016479932176,0.006937630822257703
mean_delta_log_energy,0.13444072844976174,0.022627612994185566
b1,0.13314423238507062,0.053638402663884324
tqwt_kurtosisValue_dec_32,0.1324450604429278,0.011752119449160823
tqwt_stdValue_dec_11,0.1322741371809832,0.01003948029543281
std_9th_delta,0.13100524069318814,0.009764917142250012
tqwt_minValue_dec_11,0.130697782209072,0.015065751414596918
ddpJitter,0.12951456262451316,0.006651991928897364
rapJitter,0.129503735110674,0.006661516523890606
tqwt_meanValue_dec_22,0.1282543772188492,0.026876465369993018
tqwt_skewnessValue_dec_13,0.12783222068766062,0.0754141211801153
det_LT_entropy_log_6_coef,0.12690136031629537,0.0042343893271657
tqwt_energy_dec_21,0.12622153015671564,0.01015315101057128
ppq5Jitter,0.1256485741577289,0.0074764555829115505
locPctJitter,0.12558870072623513,0.009993018074182592
mean_MFCC_11th_coef,0.1252065316150159,0.005133336063348983
tqwt_energy_dec_12,0.12480248232217986,0.019824057315052625
std_3rd_delta,0.12457162860047336,0.010257353101917157
tqwt_kurtosisValue_dec_21,0.12445281351874389,0.0293487767464767
std_3rd_delta_delta,0.12340400777118292,0.00728638388416433
tqwt_medianValue_dec_3,0.12300420036296889,0.025619046962551184
det_entropy_log_6_coef,0.12261634504803787,0.005366241957084842
tqwt_kurtosisValue_dec_29,0.12157784562960731,0.01517544273981424
std_delta_log_energy,0.1211114607667001,0.007925412241567955
std_5th_delta,0.11990496023633093,0.008648731915062567
tqwt_energy_dec_26,0.11863585722229494,0.005890345939861079
tqwt_energy_dec_34,0.11837686924978434,0.014775260544640312
std_MFCC_12th_coef,0.11800262814810203,0.022986508553370325
std_12th_delta,0.11799815186980134,0.019553052411710816
VFER_SNR_SEO,0.11748689377614856,0.04399022196048172
std_9th_delta_delta,0.11732688587672135,0.00626124015179071
mean_2nd_delta_delta,0.11613144836565574,0.03819931576256796
tqwt_entropy_shannon_dec_34,0.11601283713796526,0.008394829182849228
tqwt_minValue_dec_12,0.11567357466320934,0.017072654756279386
mean_MFCC_8th_coef,0.11435975515150001,0.00525463222976297
tqwt_energy_dec_15,0.1143484140187772,0.012723463770004712
tqwt_kurtosisValue_dec_18,0.114220347278626,0.005866574631760164
std_10th_delta,0.11366341249354524,0.008021431091345262
tqwt_meanValue_dec_28,0.11319423980723767,0.04338752042963114
tqwt_energy_dec_35,0.11263996749650591,0.014373444008588131
tqwt_TKEO_mean_dec_15,0.11235807798268019,0.020649029288990248
tqwt_kurtosisValue_dec_30,0.11128771675723556,0.023901826149642695
VFER_NSR_TKEO,0.11111665695655241,0.011200577624346087
std_0th_delta,0.11106326345378274,0.0071651810982794545
tqwt_skewnessValue_dec_18,0.11092344822968306,0.06160209255042973
GNE_std,0.11038013600919978,0.009675310938338028
std_MFCC_0th_coef,0.10936792572532546,0.011899548570953768
det_TKEO_mean_5_coef,0.10920567626291959,0.020344122047368723
Ed_10_coef,0.10892268628627584,0.0038534344600879254
GNE_NSR_TKEO,0.10881413680666337,0.02523145431427795
std_delta_delta_0th,0.10818471450179881,0.00832597551050482
tqwt_skewnessValue_dec_3,0.10751454515113412,0.045274539802715695
tqwt_energy_dec_20,0.10709318185287646,0.010214253670660594
mean_0th_delta,0.10707250165117865,0.008909448673074015
tqwt_meanValue_dec_15,0.10679780555980381,0.019829861138274774
tqwt_meanValue_dec_33,0.10675885525139198,0.03647935389281771
mean_1st_delta,0.10641023409184136,0.009714828151787272
tqwt_kurtosisValue_dec_3,0.10513000965547711,0.023841477050884952
tqwt_energy_dec_29,0.10483477244281132,0.016943738937341146
VFER_std,0.10412059095895174,0.03297493756516619
std_8th_delta_delta,0.10404201121365583,0.005914444963278211
tqwt_entropy_shannon_dec_26,0.10403563808993832,0.012722779596988908
tqwt_energy_dec_33,0.10366385853284699,0.01111965003536972
tqwt_energy_dec_22,0.10293117568365798,0.008014363906823573
GQ_std_cycle_closed,0.10291816778932528,0.012941026327141327
tqwt_TKEO_mean_dec_20,0.10280915260535357,0.01578552406417843
Ed2_10_coef,0.10155419094090981,0.012120973187250262
tqwt_kurtosisValue_dec_20,0.10063859620744027,0.007614733531856031
mean_2nd_delta,0.10041984676757061,0.0250536268026992
tqwt_skewnessValue_dec_4,0.10041103081666683,0.022232975226959096
Ed2_4_coef,0.09971854908340347,0.020585994969501094
mean_5th_delta,0.09940041820682007,0.021728950929077118
tqwt_entropy_shannon_dec_36,0.09844227875518964,0.01984602348180437
tqwt_TKEO_mean_dec_10,0.0983772040885518,0.005053858352222223
tqwt_energy_dec_23,0.09816060815510821,0.014647681368557727
tqwt_kurtosisValue_dec_19,0.09795224833470526,0.004282916070221269
tqwt_stdValue_dec_33,0.09771195269681716,0.006886787921262933
mean_MFCC_4th_coef,0.09742937531352466,0.003704467896532751
tqwt_TKEO_std_dec_36,0.0971723695413609,0.022147994807549688
tqwt_TKEO_std_dec_33,0.09694568616988661,0.03535142467812023
tqwt_maxValue_dec_12,0.09665972222286219,0.015851710286810167
tqwt_entropy_shannon_dec_10,0.09645283846599251,0.0058997943893873885
tqwt_kurtosisValue_dec_17,0.09601787700112831,0.0062496514246742265
tqwt_TKEO_std_dec_8,0.09575778818421089,0.0191896107302149
tqwt_kurtosisValue_dec_16,0.09551953621317044,0.015473339639231847
det_LT_entropy_shannon_9_coef,0.09523370168424901,0.007668799163252936
tqwt_kurtosisValue_dec_4,0.093570764409767,0.02014941440651537
IMF_SNR_TKEO,0.09336856182280565,0.02586073186433957
tqwt_entropy_shannon_dec_25,0.09269452228183152,0.0315196649273404
tqwt_kurtosisValue_dec_6,0.09243883977625829,0.00874406977992678
std_MFCC_1st_coef,0.09231665092764503,0.006824446393623622
tqwt_TKEO_mean_dec_34,0.09225562165432734,0.012172029133497037
tqwt_energy_dec_3,0.09196486819770204,0.0014303884433130099
std_MFCC_6th_coef,0.09168128881968375,0.014175998205841072
det_LT_entropy_shannon_7_coef,0.0910499323951873,0.017088379835495028
apq5Shimmer,0.09041844595206264,0.007645910011731261
tqwt_TKEO_mean_dec_17,0.08989912693141806,0.0056297179712610865
VFER_SNR_TKEO,0.08944916329100397,0.04336881573577507
tqwt_stdValue_dec_35,0.08907189797563649,0.003892314699820729
tqwt_TKEO_std_dec_6,0.08854226930200323,0.00856080961313812
tqwt_TKEO_std_dec_12,0.08842817997517508,0.023393044561981956
mean_12th_delta,0.08782056261072732,0.04129826451648665
tqwt_kurtosisValue_dec_10,0.08761344004994787,0.02357173932323878
tqwt_entropy_shannon_dec_24,0.08686153157818524,0.04599609476720819
tqwt_meanValue_dec_16,0.08673996526326086,0.02156304952521408
tqwt_medianValue_dec_2,0.0861416148762978,0.016757565272534174
tqwt_TKEO_mean_dec_32,0.08594127314850784,0.03640015587193262
tqwt_TKEO_mean_dec_27,0.0858501338451215,0.009650204409872085
tqwt_minValue_dec_1,0.08544670949254543,0.028626427809899633
std_7th_delta,0.08455045544278793,0.006874988382041557
det_LT_TKEO_mean_10_coef,0.08453639226619156,0.013060535368986336
det_LT_TKEO_std_6_coef,0.08450607206939784,0.016290883460641045
tqwt_meanValue_dec_35,0.08422671111455936,0.018428500421750985
tqwt_energy_dec_25,0.08416173645265208,0.017113096182039177
std_7th_delta_delta,0.08385923682388965,0.004020456666163525
std_Log_energy,0.08370936446682667,0.009967143037306456
tqwt_stdValue_dec_12,0.083643148312083,0.014724610053505952
tqwt_TKEO_mean_dec_21,0.08330125771413713,0.009561053336793055
tqwt_TKEO_std_dec_27,0.08314055706269209,0.01036150875727627
tqwt_TKEO_std_dec_28,0.08310568870133354,0.01847289680864462
tqwt_energy_dec_10,0.0829269888537976,0.0062286875274812385
std_2nd_delta,0.08272294274591958,0.015285442369332604
tqwt_medianValue_dec_5,0.08228780732360523,0.012084900137318366
det_entropy_log_4_coef,0.08168323785724614,0.005768792153762849
det_LT_entropy_shannon_10_coef,0.08164274774930733,0.013957903177798244
locShimmer,0.08133163814160871,0.01135665370933648
tqwt_stdValue_dec_34,0.08076686405651383,0.004557621346253611
tqwt_entropy_shannon_dec_27,0.08072785870256269,0.014222651951666696
tqwt_meanValue_dec_2,0.080505937968876,0.022085789773372277
tqwt_kurtosisValue_dec_5,0.08029189049700808,0.013681475832155428
det_LT_TKEO_std_10_coef,0.08011937432974807,0.013841298778415275
tqwt_medianValue_dec_13,0.08003403499991688,0.023489402937480336
tqwt_medianValue_dec_18,0.08003142914230371,0.03724926908712561
f3,0.07920848231551994,0.016211824472579222
tqwt_minValue_dec_13,0.07881544120183948,0.013168427878711328
mean_MFCC_9th_coef,0.0787779039534143,0.005628904041434834
tqwt_medianValue_dec_20,0.07846193207667204,0.056292588536093334
tqwt_entropy_log_dec_26,0.07809482477814927,0.0070414867092480566
tqwt_TKEO_mean_dec_1,0.07803172234360832,0.016203876477968865
tqwt_minValue_dec_17,0.0779579198240893,0.003431851150834709
tqwt_TKEO_std_dec_17,0.07791296856954921,0.008207753250554348
tqwt_skewnessValue_dec_16,0.07717182740658488,0.021740026684694953
locDbShimmer,0.07711581615091904,0.015817795685648988
tqwt_TKEO_std_dec_32,0.07679133052077969,0.027415104366435517
PPE,0.07628150140637247,0.019880587627147606
tqwt_maxValue_dec_17,0.07614864149105999,0.0038107547536244974
GNE_mean,0.07603650937677517,0.0019290689500190976
tqwt_medianValue_dec_19,0.07565862841680851,0.01610846027904181
det_entropy_shannon_5_coef,0.07560914261488771,0.014586623330881683
det_LT_entropy_log_4_coef,0.07551177729330436,0.0038189188597264325
tqwt_medianValue_dec_26,0.07517353648952073,0.025080251726255647
tqwt_TKEO_mean_dec_6,0.07512683014635443,0.004061607567905721
tqwt_TKEO_std_dec_25,0.0746327485362355,0.013161182852909863
tqwt_minValue_dec_36,0.07425472086594138,0.019037164730479336
tqwt_entropy_shannon_dec_33,0.07411634313779132,0.021782755675345725
tqwt_maxValue_dec_13,0.07392625970214442,0.01308975909463693
std_12th_delta_delta,0.07324992603640346,0.021247650800539964
std_1st_delta,0.07321866328093193,0.007741053442459686
tqwt_meanValue_dec_9,0.07308872901887623,0.014112494801559225
GQ_std_cycle_open,0.07291410054479947,0.028204019584818548
tqwt_skewnessValue_dec_10,0.0727773641776142,0.016822536608923043
std_MFCC_11th_coef,0.07274254859074916,0.012705930435984048
meanPeriodPulses,0.07262802902186555,0.01388532469500067
apq3Shimmer,0.07177631294116602,0.016392066080411098
ddaShimmer,0.07170750098395565,0.016394023072563105
tqwt_minValue_dec_33,0.07136746049130283,0.00841654077632354
det_entropy_log_3_coef,0.07118618303369437,0.00403892804239875
tqwt_TKEO_mean_dec_7,0.071082894314272,0.006683495843204293
tqwt_energy_dec_28,0.07079701123990714,0.017498769891373278
tqwt_TKEO_std_dec_21,0.07046829533869589,0.0044880762764870664
tqwt_skewnessValue_dec_9,0.07029404816673268,0.018620658951585815
Ed_7_coef,0.07026545083580313,0.005899557117628029
tqwt_medianValue_dec_4,0.06996976938617705,0.017551850656646148
tqwt_maxValue_dec_36,0.06948317885407376,0.01593810146723517
tqwt_stdValue_dec_32,0.06930041882190442,0.006123756885203937
tqwt_energy_dec_27,0.06909773750074348,0.0062448476030313406
tqwt_kurtosisValue_dec_2,0.06884895340444534,0.02031514306037985
tqwt_TKEO_std_dec_24,0.06883051766186044,0.019202992579111424
tqwt_TKEO_mean_dec_3,0.06828641696535735,0.00610654138638007
tqwt_entropy_shannon_dec_29,0.06793969322585497,0.03690564445424112
tqwt_entropy_shannon_dec_12,0.06731823160022662,0.020033084168789322
tqwt_entropy_shannon_dec_31,0.06680689771567123,0.015370919236161176
det_LT_entropy_shannon_5_coef,0.06664109369479124,0.017136475827009456
tqwt_TKEO_std_dec_9,0.06653323378776412,0.01812935160093668
tqwt_energy_dec_7,0.06635378863431639,0.005925467105589078
tqwt_energy_dec_14,0.06614866020861607,0.014794466281258732
tqwt_TKEO_std_dec_7,0.06608068904228688,0.010260214423556605
tqwt_maxValue_dec_1,0.0658613482972527,0.014786395317571008
tqwt_energy_dec_1,0.06568659178005662,0.004132498704780706
tqwt_skewnessValue_dec_31,0.06558688093313755,0.02172357437538858
tqwt_energy_dec_2,0.06557449943820118,0.012838747047337703
tqwt_TKEO_mean_dec_33,0.06536854030858054,0.015569244847328011
det_LT_TKEO_std_3_coef,0.06528667469244356,0.01164871603287571
det_LT_TKEO_std_5_coef,0.06493143425418915,0.008919041183087796
meanAutoCorrHarmonicity,0.06488959678034165,0.008423475385206814
tqwt_meanValue_dec_4,0.06469789710067833,0.04203594086397054
std_1st_delta_delta,0.064638031075993,0.0046203314101666395
tqwt_energy_dec_31,0.0645530777698378,0.03164103769585663
tqwt_TKEO_mean_dec_18,0.06443170436457826,0.011863104411116326
det_LT_TKEO_mean_4_coef,0.06440308095670283,0.009863599950046757
det_TKEO_std_6_coef,0.06438055736947895,0.010946396233127908
det_TKEO_std_5_coef,0.06414612597640348,0.010607359493962321
tqwt_TKEO_std_dec_23,0.0639192965726281,0.044982860894280025
tqwt_energy_dec_8,0.06387189621814149,0.01210790255714038
tqwt_energy_dec_30,0.06373342627757769,0.016260340985756676
tqwt_TKEO_std_dec_20,0.06367642481436528,0.0035364772516469144
tqwt_skewnessValue_dec_2,0.06359286824994811,0.024726661514936348
tqwt_maxValue_dec_33,0.0626288076366979,0.0075548158554531305
std_MFCC_8th_coef,0.06236339166152074,0.014312617976721549
tqwt_kurtosisValue_dec_22,0.06216163600380187,0.019667257801015324
meanNoiseToHarmHarmonicity,0.062002890144446154,0.008194887608070361
tqwt_minValue_dec_10,0.06178986590766235,0.015178708776589982
tqwt_energy_dec_32,0.06110387673542178,0.009597587328105991
det_entropy_log_7_coef,0.061102602657988836,0.006641782168693327
tqwt_energy_dec_6,0.06092828451075154,0.0075002055706088625
tqwt_TKEO_mean_dec_36,0.06082582082164071,0.014842809857466317
tqwt_skewnessValue_dec_7,0.06041527459789847,0.016745424726269324
det_LT_TKEO_mean_9_coef,0.06040621244894492,0.008470576582783522
det_LT_TKEO_std_9_coef,0.059896632975994034,0.00851718966457271
tqwt_entropy_shannon_dec_32,0.05974792088710993,0.012017529340690303
tqwt_TKEO_std_dec_29,0.059651660809563564,0.01324829116656272
tqwt_TKEO_mean_dec_30,0.05953164662041612,0.04272905520729137
mean_MFCC_3rd_coef,0.059378640839828356,0.006402099167860851
tqwt_entropy_shannon_dec_3,0.05869058676334935,0.003942645557486348
tqwt_kurtosisValue_dec_31,0.05799131138083652,0.019473449211029604
det_LT_entropy_log_3_coef,0.057991195093125,0.003937017341940086
mean_10th_delta,0.05774270249810678,0.014726065734566016
tqwt_stdValue_dec_21,0.057454318684555784,0.004545090575593043
det_entropy_log_10_coef,0.057442399582989065,0.011922660821154483
tqwt_stdValue_dec_27,0.05703608098205183,0.0023009967137027536
maxIntensity,0.056584789774704804,0.0075867941512632806
det_LT_entropy_shannon_6_coef,0.056529318358345335,0.020567593356454087
tqwt_TKEO_std_dec_3,0.05651378676672458,0.0066118864829297986
tqwt_stdValue_dec_20,0.05609365699361764,0.007356946876661059
tqwt_entropy_shannon_dec_6,0.055797450560023776,0.006584471374572977
tqwt_maxValue_dec_27,0.055757182644663505,0.0016541857457595375
numPulses,0.055662779338169,0.0055749105114473564
tqwt_TKEO_mean_dec_13,0.05550962593901625,0.01939471066005711
det_LT_TKEO_mean_5_coef,0.055508447627158654,0.00774329854831827
tqwt_energy_dec_24,0.05515279648062653,0.02635300579407865
tqwt_entropy_shannon_dec_21,0.05494258488351552,0.006092901773705591
numPeriodsPulses,0.0547253142973821,0.0055405389986810565
mean_MFCC_7th_coef,0.054600940533348366,0.0025889672924707292
det_LT_entropy_log_7_coef,0.05455993538286822,0.005882350533814489
tqwt_entropy_shannon_dec_13,0.05438676094779973,0.010205588631200987
tqwt_maxValue_dec_20,0.053959966363617426,0.005848322868337002
tqwt_TKEO_std_dec_5,0.053853855877478166,0.012564491274305176
det_LT_entropy_log_8_coef,0.05358840031305934,0.011033986254686715
mean_3rd_delta,0.05342908245495691,0.030998297612420886
meanHarmToNoiseHarmonicity,0.05333891009199524,0.008664910876619535
tqwt_TKEO_std_dec_30,0.05298161023534538,0.032532271190860745
mean_MFCC_12th_coef,0.05292005730638501,0.015655345047652626
det_entropy_log_8_coef,0.052876737831558496,0.013313664038702216
meanIntensity,0.05278264403524422,0.00523094311881731
GNE_SNR_SEO,0.05274896449212083,0.014250283695586285
tqwt_TKEO_mean_dec_24,0.05232810628874531,0.01934468789927997
tqwt_entropy_shannon_dec_7,0.05230060384109597,0.005772350872503569
Ea,0.05168365796055498,0.0043274553891885
tqwt_minValue_dec_35,0.051621686232426814,0.010154197493743841
tqwt_stdValue_dec_10,0.051484089964341465,0.004863350552799545
tqwt_TKEO_std_dec_13,0.051431867493326865,0.02204397420488184
Ed2_9_coef,0.051269741018574774,0.006105269709342251
app_LT_entropy_log_3_coef,0.05119924471039776,0.015662102631213815
tqwt_minValue_dec_27,0.050850140378641814,0.0016276976982554526
det_LT_TKEO_std_4_coef,0.050815092609137524,0.02082714886557063
det_entropy_shannon_6_coef,0.05073879892152357,0.00719334174580528
tqwt_minValue_dec_20,0.050548063438006385,0.00615698282385705
tqwt_entropy_shannon_dec_28,0.05043545082976388,0.011263208942708111
tqwt_stdValue_dec_31,0.05026419642997575,0.00859120061188996
tqwt_kurtosisValue_dec_11,0.05018903054799837,0.019763893980720378
det_LT_entropy_shannon_2_coef,0.05009887937857299,0.00485213905808291
tqwt_TKEO_mean_dec_5,0.04987302036232953,0.01097443255619797
det_entropy_shannon_8_coef,0.04987281372460982,0.007681684928961201
tqwt_TKEO_std_dec_34,0.04968401574460313,0.01825731306694482
tqwt_energy_dec_5,0.049541973087061306,0.009846114438856957
tqwt_TKEO_mean_dec_8,0.04936851139082922,0.011749988193496489
tqwt_energy_dec_19,0.049144176204101976,0.015572647035005572
Ea2,0.04849460260262798,0.004503735132949823
minIntensity,0.04816453458983476,0.00281578797983572
tqwt_entropy_log_dec_21,0.04808758656000662,0.006274200716655991
det_TKEO_mean_8_coef,0.04802244960649552,0.005782873400863968
app_LT_entropy_log_2_coef,0.04799802119764901,0.017074823983809294
tqwt_entropy_log_dec_27,0.047984539522008915,0.0019452664812605516
tqwt_skewnessValue_dec_1,0.04780341749601135,0.02069080901763574
tqwt_TKEO_std_dec_1,0.04772523122173632,0.005449612307752648
app_LT_entropy_log_1_coef,0.047523872076160975,0.016314789407674765
tqwt_medianValue_dec_36,0.047506309222329554,0.010667009953914394
det_entropy_shannon_7_coef,0.04744601099402417,0.011229169148233267
tqwt_stdValue_dec_23,0.04697637993186116,0.010203316936731722
tqwt_entropy_log_dec_4,0.04692218660366025,0.0009563087889086605
det_LT_entropy_log_10_coef,0.04683094779282937,0.007566347077675949
tqwt_entropy_shannon_dec_30,0.04635816562773393,0.012957968012313437
det_TKEO_std_8_coef,0.04620084393460446,0.007285052978758435
det_LT_TKEO_std_7_coef,0.045842886883668874,0.009792152115035266
tqwt_entropy_shannon_dec_1,0.04578429047091868,0.019875113588064822
tqwt_entropy_log_dec_32,0.04571496563537384,0.007222917574101926
tqwt_maxValue_dec_10,0.045653246219525746,0.013712597945997695
mean_MFCC_1st_coef,0.04546908315343735,0.005838453499488851
tqwt_stdValue_dec_13,0.04539772702377641,0.00992575109871462
tqwt_skewnessValue_dec_8,0.04531539589334122,0.010880153989937956
tqwt_medianValue_dec_25,0.044787908392020334,0.010641711430811069
f1,0.04475290110045573,0.006282495418706925
det_entropy_log_9_coef,0.04466541740662559,0.008876695447702778
tqwt_entropy_log_dec_1,0.04452374449620361,0.002512445703962226
tqwt_maxValue_dec_14,0.04446724175100283,0.007025093674555799
det_LT_entropy_log_9_coef,0.04444597223662907,0.0078049144358246095
det_TKEO_std_1_coef,0.04418400692152581,0.005831842365937707
tqwt_minValue_dec_29,0.04385865163213333,0.006690569479812025
tqwt_maxValue_dec_32,0.04371716280537394,0.007698149980391548
app_entropy_shannon_1_coef,0.04353353094540732,0.006210867067352239
Ed2_6_coef,0.04345227064648019,0.013783561603612993
tqwt_stdValue_dec_3,0.043342544985574945,0.004584731421064258
tqwt_entropy_log_dec_24,0.043213716747856665,0.0033934596884262988
det_LT_TKEO_mean_7_coef,0.0428967981522859,0.007896138003816593
tqwt_kurtosisValue_dec_1,0.04280481613242464,0.02343794768723787
tqwt_maxValue_dec_29,0.04247752690546101,0.006655166166977888
tqwt_TKEO_mean_dec_12,0.04245034783081528,0.030083059757646607
app_entropy_shannon_2_coef,0.04226512404805093,0.006052877864751503
tqwt_TKEO_std_dec_15,0.04207194767887848,0.013036211360584436
tqwt_stdValue_dec_1,0.0415182523841174,0.01563354440898209
Ed_1_coef,0.041396123541319704,0.008975239207699576
Ed_3_coef,0.04126994925326747,0.003877236350285868
std_8th_delta,0.04122106251625908,0.009458399362749018
tqwt_TKEO_mean_dec_9,0.0411000356182982,0.011286540711143787
mean_Log_energy,0.041009257504779566,0.008447492171461853
tqwt_energy_dec_36,0.04093911661531359,0.020206500640522058
tqwt_entropy_shannon_dec_15,0.040777482264409096,0.004367544489435704
tqwt_entropy_shannon_dec_5,0.040725559147871584,0.00867919803510735
app_entropy_shannon_3_coef,0.04063562139926425,0.0058439150345098115
det_LT_entropy_log_2_coef,0.04062367493596695,0.0031831708373403775
Ed2_5_coef,0.040545579738835234,0.007856113218971408
tqwt_TKEO_mean_dec_25,0.04039837629792768,0.010029299824788503
det_TKEO_mean_3_coef,0.040367592209116676,0.003831318978855706
det_entropy_log_5_coef,0.040207188876953175,0.004114368974918727
tqwt_entropy_log_dec_35,0.040047623445257634,0.006990584885601106
det_entropy_log_2_coef,0.039704205131771024,0.003125154215936939
Ed2_7_coef,0.039563128650354676,0.008515098792711128
tqwt_stdValue_dec_6,0.039541418198449294,0.011321492495716335
det_TKEO_std_7_coef,0.03924780089403898,0.008846574072664145
tqwt_skewnessValue_dec_11,0.03893530378086109,0.021696463995311742
app_entropy_shannon_4_coef,0.03886453359707966,0.00567109525469763
Ed_9_coef,0.03847758593215969,0.008129947734731188
tqwt_entropy_log_dec_5,0.038468927940017585,0.002108006004525134
std_MFCC_10th_coef,0.03844772768847548,0.010896400857175324
tqwt_entropy_log_dec_20,0.038422768850532155,0.002418412436524442
app_LT_entropy_log_4_coef,0.038146908441709294,0.012428388285374861
tqwt_stdValue_dec_36,0.03804274484023584,0.004886918231867355
tqwt_TKEO_mean_dec_19,0.037899249167314936,0.011623236182214784
tqwt_TKEO_mean_dec_26,0.03780102059676877,0.013773962720117446
tqwt_TKEO_std_dec_2,0.037796653471071875,0.0065174654847343595
VFER_NSR_SEO,0.037770293869391826,0.011555521341028092
tqwt_entropy_log_dec_3,0.03769811733127255,0.0014933756727651107
tqwt_kurtosisValue_dec_14,0.03753939954674094,0.004534580529809026
tqwt_minValue_dec_16,0.03746757844772759,0.005712994349915738
app_entropy_shannon_5_coef,0.03726737691564543,0.005523215065883979
tqwt_kurtosisValue_dec_15,0.03711591281912555,0.011378438818689298
tqwt_maxValue_dec_16,0.03708818669532693,0.006346285296886151
det_LT_TKEO_std_2_coef,0.036866943288013446,0.01028554448684388
det_LT_TKEO_std_1_coef,0.036752532111521664,0.008114556561015509
det_TKEO_mean_7_coef,0.03672436342430118,0.008912581260736872
det_entropy_shannon_1_coef,0.03666528200626684,0.0030578416209089466
Ed_8_coef,0.03634829650447889,0.013411842589336637
tqwt_minValue_dec_26,0.03613435312533113,0.01084526553110496
app_entropy_shannon_6_coef,0.03609682490093007,0.0054244124570821325
tqwt_TKEO_std_dec_26,0.03587143248921766,0.012177371025900564
tqwt_TKEO_mean_dec_2,0.03555599561883269,0.008346671262003355
app_entropy_shannon_7_coef,0.03552459610378203,0.00536198655195166
app_entropy_shannon_8_coef,0.0353555162048643,0.005366716169240495
app_entropy_shannon_9_coef,0.03529095238459099,0.005353967178544661
tqwt_minValue_dec_34,0.03526490992715438,0.005891941939202978
app_entropy_shannon_10_coef,0.03526397009932884,0.005340297228808316
std_MFCC_3rd_coef,0.03523681886031531,0.01081523789608324
Ed_4_coef,0.03505930328629782,0.01771899052595809
app_LT_entropy_log_7_coef,0.03503202799340428,0.0069341620987358864
tqwt_entropy_log_dec_11,0.034627513437564754,0.004088124214775223
tqwt_entropy_log_dec_8,0.034514747168227035,0.001131558497270478
tqwt_maxValue_dec_4,0.034404388859745075,0.006700683856817242
app_entropy_log_1_coef,0.03427804563965582,0.007111441269114394
tqwt_energy_dec_9,0.034276351845075215,0.011496883319488645
tqwt_TKEO_mean_dec_16,0.03418055825527653,0.015770573900829445
tqwt_TKEO_mean_dec_4,0.03382142467910927,0.001985363763333586
det_entropy_shannon_3_coef,0.03370429072504702,0.003488569699254521
app_det_TKEO_mean_10_coef,0.03366820514695327,0.004694266330591389
tqwt_stdValue_dec_17,0.033621612636316536,0.005375260568561017
app_TKEO_std_10_coef,0.033518736475074425,0.004783361515035334
app_TKEO_std_9_coef,0.03323833203613812,0.00493504640061613
tqwt_maxValue_dec_6,0.03322183373120682,0.012031666490302831
tqwt_energy_dec_4,0.033098444951393344,0.006786662880210663
tqwt_stdValue_dec_7,0.03306762196614034,0.005885645896854315
app_det_TKEO_mean_9_coef,0.03291550404332337,0.004646279749763714
tqwt_maxValue_dec_5,0.03288442785481252,0.01261110606422378
app_LT_entropy_log_5_coef,0.032873198495698294,0.008459218200497528
app_det_TKEO_mean_8_coef,0.03287150695615125,0.004614235026089261
tqwt_minValue_dec_28,0.032793328067144925,0.00811528518972954
app_entropy_log_2_coef,0.0324790701669095,0.006654017618124314
tqwt_maxValue_dec_23,0.03224604499611054,0.008836417505364473
std_MFCC_5th_coef,0.03171412337718217,0.009332364367317972
app_entropy_log_3_coef,0.03168249218330145,0.005599777719381405
tqwt_stdValue_dec_15,0.031465112748154,0.0056008952215118426
app_TKEO_std_8_coef,0.03138803392090296,0.004540081560758159
app_det_TKEO_mean_7_coef,0.031239649307976326,0.004434816295565019
tqwt_minValue_dec_21,0.031202337295618648,0.007818937191362512
tqwt_maxValue_dec_25,0.031191929637515648,0.008527437442598507
tqwt_entropy_shannon_dec_23,0.031147371331583712,0.012129896394689482
Ed2_1_coef,0.03088964240328912,0.007705677323711789
tqwt_stdValue_dec_18,0.030863048221792845,0.0076919448499763125
det_LT_entropy_shannon_1_coef,0.030773035447265,0.005789556725025901
app_TKEO_std_7_coef,0.030764469428680385,0.0046430982736005745
tqwt_maxValue_dec_34,0.030566098622595173,0.006368735881206515
tqwt_stdValue_dec_19,0.03053229509389142,0.006597596333957719
tqwt_minValue_dec_7,0.030478544641769318,0.004765213654972735
det_LT_TKEO_mean_1_coef,0.030457135167819616,0.007792372395995753
tqwt_maxValue_dec_26,0.030398116617125454,0.009179817049901657
std_MFCC_7th_coef,0.030369665217584274,0.013065235130397621
tqwt_minValue_dec_2,0.030346924045783336,0.009880413426558014
tqwt_maxValue_dec_28,0.030112755309750307,0.008728435290001129
det_TKEO_std_2_coef,0.029948121243041904,0.010592034906131
tqwt_minValue_dec_6,0.02988758868669227,0.010324311067608708
app_det_TKEO_mean_6_coef,0.02984858156750784,0.0042576932947225084
tqwt_TKEO_std_dec_35,0.029837521097952367,0.010591213550453005
det_LT_entropy_log_5_coef,0.02974256102722611,0.004291331957908443
tqwt_minValue_dec_14,0.029672966091581633,0.005274856142276096
tqwt_energy_dec_18,0.029566930684061986,0.008244028872460387
tqwt_TKEO_std_dec_14,0.02927464478540296,0.010610206956203608
tqwt_energy_dec_16,0.02879195131011806,0.007484575084440424
tqwt_entropy_log_dec_23,0.028778545403611123,0.006063541349962496
tqwt_maxValue_dec_21,0.028739075717655854,0.006973182787948228
tqwt_entropy_log_dec_17,0.02808955461915308,0.004215426004718617
tqwt_maxValue_dec_3,0.027920699170154765,0.005092751915967147
tqwt_stdValue_dec_29,0.027819158964606766,0.006204737897687346
tqwt_stdValue_dec_4,0.02734691517639582,0.0029820941560582547
mean_MFCC_5th_coef,0.02725482346037547,0.00918399021630161
tqwt_stdValue_dec_5,0.027099199789775485,0.009600976696381427
tqwt_TKEO_std_dec_16,0.027093113417309262,0.0057458997596862675
det_TKEO_mean_1_coef,0.027074058933848528,0.00369571073630103
app_det_TKEO_mean_5_coef,0.026936318968058582,0.003996848322899641
det_LT_entropy_shannon_3_coef,0.026894701169006007,0.013623165113084269
tqwt_stdValue_dec_28,0.026708297311888406,0.009296141069844504
tqwt_maxValue_dec_35,0.026417901015389534,0.006022612849436137
tqwt_maxValue_dec_7,0.02636998868280797,0.00856180068023499
tqwt_maxValue_dec_18,0.026031934665950395,0.006021354927355688
det_LT_TKEO_mean_6_coef,0.02600042776675448,0.010357075125209739
f4,0.025909971385943815,0.006186468363352072
app_TKEO_std_3_coef,0.025882594272664143,0.004479617393672254
app_TKEO_std_6_coef,0.025820304232165275,0.0041984720428687354
det_TKEO_mean_4_coef,0.025779592075345314,0.009977699911678153
tqwt_minValue_dec_25,0.02577028962328486,0.00748821587268661
tqwt_entropy_log_dec_16,0.025524500232442737,0.001498685526323817
tqwt_TKEO_mean_dec_14,0.02540475220782489,0.00566469553511359
det_LT_TKEO_mean_8_coef,0.02532111909654657,0.005800018639889717
tqwt_entropy_log_dec_29,0.025140723127276894,0.00811879513089842
tqwt_TKEO_std_dec_4,0.024855527411893563,0.0057485277176360285
tqwt_entropy_log_dec_2,0.024784987843601152,0.0018404582603875673
Ed_6_coef,0.0246001028146621,0.01057953633047529
tqwt_entropy_log_dec_33,0.024483998100647126,0.0037792924480958313
tqwt_entropy_log_dec_14,0.024432776522273943,0.0032799753770826044
tqwt_entropy_shannon_dec_14,0.02437938460523878,0.007392115570020247
det_TKEO_std_9_coef,0.024109091162944185,0.006715196232218949
app_TKEO_std_5_coef,0.02395063880545886,0.004122109810937649
tqwt_TKEO_mean_dec_28,0.02389685706036235,0.011020405747996145
tqwt_minValue_dec_4,0.023829259797706715,0.0063154054063685044
tqwt_minValue_dec_5,0.023774818202225087,0.010228973597255941
app_TKEO_std_1_coef,0.023658693237104834,0.0028160655669604152
tqwt_TKEO_mean_dec_29,0.02361431807400454,0.003407248860955405
tqwt_entropy_log_dec_9,0.023432070173769054,0.001209232520078045
app_LT_entropy_shannon_1_coef,0.023420888062440026,0.002632315278437099
det_entropy_shannon_2_coef,0.023362933248104505,0.003765889897527191
det_entropy_shannon_4_coef,0.02321349934387721,0.0077291317463882014
tqwt_entropy_log_dec_15,0.023201776493986814,0.0032744259670989665
tqwt_TKEO_std_dec_19,0.023144430740295926,0.004456751677610869
tqwt_entropy_shannon_dec_9,0.023108374488595203,0.007444123383108672
det_LT_TKEO_mean_3_coef,0.022908201082600388,0.013121677615202193
app_det_TKEO_mean_4_coef,0.02285355241174027,0.003609054285449877
det_TKEO_mean_6_coef,0.022838764142285303,0.0076276750395373235
tqwt_entropy_shannon_dec_18,0.022684588308847897,0.0032856938767758495
std_MFCC_2nd_coef,0.02266022819027064,0.008140326373817444
app_entropy_log_4_coef,0.022523293661179868,0.004698383199881122
app_LT_entropy_shannon_2_coef,0.0223608131009021,0.002793438818744288
tqwt_entropy_log_dec_30,0.022030375865225615,0.00920228631500517
tqwt_minValue_dec_23,0.021949478492467527,0.007815798756452377
tqwt_TKEO_std_dec_18,0.021878388961868493,0.004366824274241108
tqwt_meanValue_dec_36,0.021781062086571386,0.0048522799329835924
tqwt_minValue_dec_24,0.021768834317511407,0.00651100781462899
tqwt_entropy_log_dec_18,0.0217593223981646,0.006299111785369098
tqwt_entropy_shannon_dec_19,0.021631571216461316,0.008330510946165633
tqwt_entropy_log_dec_7,0.021574293902242525,0.0026994700032068547
tqwt_stdValue_dec_26,0.021523669923977015,0.0074267878238721075
IMF_NSR_SEO,0.021512857875523005,0.005512155283869479
tqwt_maxValue_dec_24,0.021496411421696244,0.007147910978516929
app_TKEO_std_2_coef,0.021481061223074173,0.0030618911737371086
app_det_TKEO_mean_1_coef,0.02135642274345021,0.0028373344201724038
tqwt_entropy_shannon_dec_8,0.021340666785870682,0.008281877770547409
tqwt_minValue_dec_3,0.021337903151765182,0.005134773404796349
app_LT_entropy_shannon_3_coef,0.02125949194283349,0.002930586951377066
app_LT_entropy_log_6_coef,0.02084880480968995,0.004878208853138539
tqwt_entropy_log_dec_25,0.020609020495837484,0.005747309733164119
det_entropy_log_1_coef,0.020518595384171896,0.006518971100432371
tqwt_maxValue_dec_2,0.02038641753583335,0.005731670200242748
tqwt_energy_dec_17,0.02028463659907647,0.012469187110723019
tqwt_entropy_shannon_dec_4,0.02019689356268415,0.004405526046009844
det_LT_entropy_log_1_coef,0.020030306911598177,0.0052615984897181065
Ed2_8_coef,0.020002743652455857,0.005170845835842325
tqwt_maxValue_dec_8,0.019920853803704563,0.005162373144719428
tqwt_entropy_log_dec_6,0.01991196768191664,0.0028953653657847484
app_TKEO_std_4_coef,0.01979060188845802,0.00408052135756348
tqwt_entropy_log_dec_19,0.01978147786965622,0.005957523320883315
mean_MFCC_10th_coef,0.01969294765687204,0.006275977960534934
tqwt_minValue_dec_9,0.01968873428631561,0.006510645187528011
Ed_5_coef,0.01954237568893081,0.0028542042143900755
tqwt_stdValue_dec_14,0.019535635266354278,0.005666210469300338
RPDE,0.019135802038350514,0.00623652655774726
tqwt_minValue_dec_19,0.019015461279245544,0.007407338531919421
det_TKEO_mean_9_coef,0.018965412607852103,0.007102337274417441
Ed2_3_coef,0.018935384172800253,0.012373899066891729
tqwt_entropy_log_dec_34,0.0189329509988683,0.00614690266334146
app_LT_entropy_shannon_4_coef,0.018897074511234006,0.0032849104875433783
tqwt_TKEO_mean_dec_22,0.018700044572083886,0.009952836291826096
det_TKEO_std_4_coef,0.018624838268434987,0.00915596696249796
tqwt_entropy_shannon_dec_20,0.018519033292338474,0.007779546018448307
tqwt_minValue_dec_18,0.018517401721000228,0.004818319358862668
det_LT_TKEO_std_8_coef,0.018282380173471176,0.006067671593778891
tqwt_minValue_dec_8,0.018193104749133937,0.006005553670591399
app_entropy_log_5_coef,0.018121631458742342,0.003991503983246922
tqwt_TKEO_std_dec_22,0.018052501551042124,0.006150333508945971
tqwt_stdValue_dec_25,0.01804160839180908,0.0064521687836131365
tqwt_maxValue_dec_31,0.0178275452280115,0.004112638655216902
det_TKEO_mean_2_coef,0.017701121603466298,0.004293430169014797
tqwt_maxValue_dec_19,0.01746657093867847,0.008261005397473074
tqwt_stdValue_dec_30,0.017457007510722097,0.008339956954890126
tqwt_minValue_dec_22,0.017449511348474694,0.006107610581280365
app_LT_entropy_shannon_5_coef,0.017389797568039215,0.0035488997203512794
tqwt_entropy_shannon_dec_22,0.01727752953111642,0.008767425663941729
tqwt_minValue_dec_32,0.01723164316807179,0.006661119010347785
tqwt_entropy_shannon_dec_2,0.01701409286819177,0.005759967356822988
tqwt_stdValue_dec_24,0.016868298125736148,0.0034634874374800217
det_entropy_shannon_9_coef,0.016515902180749983,0.0050761279174952574
tqwt_maxValue_dec_9,0.016422291657129724,0.008638969271132281
app_LT_TKEO_std_9_coef,0.016363483047078103,0.0037441076005371205
app_det_TKEO_mean_3_coef,0.01633430476594508,0.0035795249964898565
tqwt_maxValue_dec_22,0.01630005997841405,0.00573728357603914
app_LT_TKEO_mean_3_coef,0.016272770766214514,0.0028067372738658832
app_LT_entropy_shannon_6_coef,0.016217882321871394,0.003807490732852904
app_LT_TKEO_mean_1_coef,0.016081965699451285,0.00623543391624676
det_TKEO_std_3_coef,0.015908506143115078,0.006147669765854646
app_LT_entropy_shannon_7_coef,0.01578589178134148,0.0038460414358938966
tqwt_entropy_log_dec_28,0.01572811667689255,0.006291903265630967
det_entropy_shannon_10_coef,0.01563823879991971,0.006729290720709146
app_LT_TKEO_mean_4_coef,0.015563981831454876,0.002966254088605837
app_LT_TKEO_std_10_coef,0.015509713092393348,0.003567454505691836
app_LT_entropy_shannon_8_coef,0.015502136975493552,0.004060668122805872
app_LT_entropy_shannon_9_coef,0.015486025330730194,0.004065589993934952
app_LT_entropy_shannon_10_coef,0.015471898006687319,0.00406798640216624
f2,0.015442699821844732,0.00428274338004808
app_LT_TKEO_mean_10_coef,0.015360148116703571,0.0035111299421313313
Ed_2_coef,0.01534647164661369,0.0069937668958332515
app_entropy_log_7_coef,0.015137578169174376,0.004020521610678422
DFA,0.014845946306589683,0.0033620244519806533
tqwt_entropy_log_dec_31,0.014833917196844949,0.004943014503890483
app_LT_TKEO_mean_9_coef,0.014713533109067029,0.0034379114549239293
app_LT_entropy_log_10_coef,0.014638968558232981,0.0033898618682911153
app_LT_entropy_log_8_coef,0.014633781674133619,0.003389649666036246
app_LT_TKEO_mean_8_coef,0.014632069203497383,0.0034109212819854328
app_LT_entropy_log_9_coef,0.014628496969300676,0.003386489745326813
app_LT_TKEO_std_7_coef,0.014419368156789092,0.003561632542136232
tqwt_maxValue_dec_30,0.01434975384097829,0.005659250492844455
app_LT_TKEO_mean_7_coef,0.01431941854190715,0.0038512461446445255
tqwt_entropy_log_dec_13,0.014163143073655923,0.0037490194686931747
det_LT_TKEO_mean_2_coef,0.01400545991106833,0.005426358992978479
app_LT_TKEO_mean_5_coef,0.013972475745209134,0.003491287313374468
mean_MFCC_0th_coef,0.013891612698394404,0.005280774829986941
app_entropy_log_6_coef,0.013881964593624155,0.0038351439254887256
det_TKEO_mean_10_coef,0.013818027583227116,0.006350117340951028
app_LT_TKEO_std_3_coef,0.01366940157843791,0.002707394125160711
app_entropy_log_10_coef,0.013407890704035775,0.003289237626780947
app_entropy_log_8_coef,0.013374663638372353,0.0032912981167468624
app_entropy_log_9_coef,0.013374296045567158,0.0032880796255871747
mean_MFCC_2nd_coef,0.013272007940974356,0.007445626791196319
tqwt_minValue_dec_31,0.013267246606377302,0.004365900238666361
app_LT_TKEO_mean_6_coef,0.013192795792202745,0.0036838553890308086
app_LT_TKEO_mean_2_coef,0.013114379435013496,0.0053480230989128375
tqwt_entropy_log_dec_22,0.013033593869044286,0.0036727836788047336
tqwt_stdValue_dec_8,0.012991013427274194,0.005585457029613403
app_det_TKEO_mean_2_coef,0.012827893283568537,0.0029350042632404483
app_LT_TKEO_std_8_coef,0.012816215500732503,0.003305017011812036
app_LT_TKEO_std_5_coef,0.012789315398327556,0.003068418892148902
det_TKEO_std_10_coef,0.012746128491303233,0.0057284159532269684
app_LT_TKEO_std_6_coef,0.01154541267002547,0.0028480605454162607
app_LT_TKEO_std_4_coef,0.01151952957541954,0.002207857517195908
IMF_NSR_entropy,0.011348003684040162,0.005045302053881878
tqwt_minValue_dec_15,0.011293162721843795,0.0022129559939433724
tqwt_entropy_shannon_dec_17,0.010951393778343097,0.003941447647740119
Ed2_2_coef,0.010868133547399088,0.006578388153827961
tqwt_minValue_dec_30,0.010670698682932783,0.005135575888428269
tqwt_maxValue_dec_15,0.009929753796463422,0.002092312497348936
app_LT_TKEO_std_2_coef,0.009904166126514832,0.002654555137088529
tqwt_stdValue_dec_16,0.009502107300512957,0.0043822815451770815
tqwt_stdValue_dec_9,0.009477023691978186,0.002333516080383541
tqwt_entropy_log_dec_12,0.009006743893611183,0.0035426493236100647
tqwt_entropy_log_dec_10,0.008831970783763764,0.0009613274219892886
tqwt_entropy_log_dec_36,0.008736555128389929,0.0018381882871347155
tqwt_stdValue_dec_2,0.008550425404492256,0.002393696552365944
tqwt_entropy_shannon_dec_16,0.008336803196384815,0.003943847893252693
app_LT_TKEO_std_1_coef,0.008198594719009644,0.0026368091466599498
det_LT_entropy_shannon_8_coef,0.006679868851846687,0.0014753189795113308
tqwt_stdValue_dec_22,0.005740845679513596,0.0013760298255454343
